Strategy,N,Accuracy,Precision (w),Recall (w),F1 (w),Cohen_Kappa
Zero-Shot,866,0.45496535796766746,0.6912309456340805,0.45496535796766746,0.5422660932534443,0.3403544558737618
