Strategy,N,Accuracy,Sensitivity,Specificity,PPV,NPV,F1,Cohen_Kappa,AUROC
Zero-Shot,866,0.7263279445727483,0.3148936170212766,0.8795562599049128,0.49333333333333335,0.7751396648044693,0.38441558441558443,0.21934502301167702,0.4982533634555079
