"Parameter","Value"
"Total_effect",-0.0270909030981167
"Indirect_via_height",-0.00167641698848543
"Direct_effect",-0.0254144861096313
"Pct_mediated",6.18811776932595
"Height_Myopia_beta",0.00855296187905778
"Height_Myopia_P",1.45440640850328e-06
