Subgroup,N,CI_rate,Miss_with,Miss_without,aOR,CI_low,CI_high,p,AUC
All studies,2177,46.4%,16.3%,46.4%,0.32,0.25,0.4,3.693512198337519e-21,0.761
Initial studies,868,49.0%,18.6%,52.1%,0.34,0.23,0.49,1.871923790038889e-08,0.782
Follow-up studies,1309,44.7%,14.7%,43.0%,0.3,0.22,0.41,4.813687194089637e-14,0.754
