Variable,code,aOR,CI_low,CI_high,p,coefficient
Non-contrast CT (vs CE CT),img_CT_NCE,0.8352558880606563,0.6147142632405316,1.134921442789121,0.24979547694215698,-0.18001714831108662
MRI (vs CE CT),img_MRI,1.301142129950009,1.0026304025291466,1.6885293305093365,0.04773499914396637,0.26324244025823973
Short report (<200 chars),report_short,1.1571088336027353,0.8922599674581848,1.50057259277883,0.27117742705062253,0.1459245091314369
Entirely normal report,entirely_normal,7.528069827853682,4.841022360760684,11.706584086948103,3.2132846280182608e-19,2.0186386779910794
Mass/lesion mentioned,mass_mentioned,0.5692976385522821,0.4474003378374211,0.7244066976520211,4.594684150143092e-06,-0.5633518910184533
No differential diagnosis,no_differential,1.7872783486417991,1.427475897141807,2.237770810645376,4.1225994529846887e-07,0.5806939871374632
Clinical info provided,has_clinical_info,0.3182776553925516,0.25095029176376904,0.4036682532233865,3.693512198337519e-21,-1.1448311469931127
Follow-up study (vs initial),is_followup,0.8999703371318576,0.7274026501586115,1.113477669541923,0.33187738227447083,-0.10539347494335806
