Variable,Study_aOR,Patient_aOR,Patient_CI_low,Patient_CI_high,Patient_p
img_CT_NCE,0.84,0.99,0.68,1.44,0.9711447711437622
img_MRI,1.3,1.49,1.08,2.06,0.014850455476567367
report_short,1.16,1.33,0.97,1.84,0.0794956024635723
entirely_normal,7.53,9.73,5.84,16.2,2.25028804197418e-18
mass_mentioned,0.57,0.86,0.64,1.18,0.3520507075185
no_differential,1.79,1.77,1.33,2.35,8.838082734143464e-05
has_clinical_info,0.32,0.36,0.26,0.49,9.316259132759539e-11
is_followup,0.9,0.62,0.47,0.82,0.00081456712971152
