Diagnosis,N_with_report,Entirely_normal,Normal_rate
TED,948,126,13.291139240506327
Lymphoma,312,32,10.256410256410255
Benign tumor,269,17,6.319702602230483
Other orbital disease,237,16,6.751054852320674
Pseudotumor,212,24,11.320754716981133
Cavernous hemangioma,71,1,1.4084507042253522
Pleomorphic adenoma,40,1,2.5
Meningioma,24,0,0.0
Malignant tumor,31,0,0.0
IgG4-RD,20,1,5.0
Lymphangioma,13,0,0.0
