Diagnosis,N_confirmed,TP,FN,FP,TN,Sensitivity,Sens_95CI_low,Sens_95CI_high,Specificity,Spec_95CI_low,Spec_95CI_high,PPV,NPV
TED,948,622,326,34,1195,0.6561181434599156,0.6253049425526749,0.6856711694390683,0.9723352318958502,0.9615905298518083,0.9801362905280361,0.948170731707317,0.7856673241288626
Lymphoma,312,208,104,127,1738,0.6666666666666666,0.6126105421395639,0.7166684382100798,0.9319034852546917,0.9195598497130999,0.9424714749320706,0.6208955223880597,0.9435396308360477
Pseudotumor,212,63,149,155,1810,0.2971698113207547,0.2397030716489296,0.361856590621921,0.9211195928753181,0.9083628355540906,0.9322329746929093,0.2889908256880734,0.923940786115365
Cavernous hemangioma,71,54,17,113,1993,0.7605633802816901,0.6495855917759032,0.8447918667498364,0.946343779677113,0.9358814303703379,0.9551807233003454,0.32335329341317365,0.9915422885572139
Pleomorphic adenoma,40,22,18,31,2106,0.55,0.39828829888440775,0.6929492471905531,0.985493682732803,0.9794832361161995,0.9897617561335775,0.41509433962264153,0.9915254237288136
Meningioma,24,22,2,25,2128,0.9166666666666666,0.741507847985494,0.9768416721570266,0.988388295401765,0.9829142425095025,0.9921225891243086,0.46808510638297873,0.9990610328638497
IgG4-RD,20,9,11,35,2122,0.45,0.25819502085709295,0.6579179916924003,0.9837737598516458,0.9775174868009862,0.9883099019349584,0.20454545454545456,0.9948429442100328
