Risk_Group,N,N_miss,Observed_miss_rate,Predicted_mean_prob
Low Risk,745,120,16.10738255033557,13.065188748792227
Intermediate,711,166,23.347398030942333,26.465233735585485
High Risk,721,421,58.391123439667126,58.45999056331277
