"Gene","nSNPs","H0","H1","H2","H3","H4"
"TGFB1",2668,0.0228811352231006,0.949462238410929,0.000229215024360118,0.0094934389548907,0.0179339723867197
